acc_id,,koe_id,al_id,acc_username,acc_password,acc_email,acc_letzter_login,acc_premium,acc_payment_token
1,,2,1,tnorridge0,jHTm8SIcdOV,elongstaffe0@vkontakte.ru,2021-07-08 16:34:26,0,9f71a834ab6b19e5f95958604dfa8eb2e0547f64
2,,4,3,ppolle1,BRZJrQwntT,ofew1@wikispaces.com,2021-07-07 17:20:31,0,68db480f187a19bfc6c47c9c19082af9bade668e
3,,4,2,rdearness2,QMkF9Sv2Zvy,abrellin2@google.com,2021-10-30 05:57:32,1,578f3c74394bfa343e7075f7f5f8b13eccb66142
4,,3,4,zpridham3,IktWLXp,ffrisby3@oracle.com,2021-04-25 22:57:58,0,2de8e578c6a674b61faa3872b02621dfdf552a30
5,,4,3,mstrange4,azju63,spenniell4@liveinternet.ru,2021-02-13 05:59:24,1,885a4c71754ee4eace35e963194400f2c17a0a91
6,,1,1,bkeuntje5,vvb38Ss5,ddemogeot5@jalbum.net,2021-05-19 20:01:22,0,d447f2709ccf7af0956cfef42543004af35503cd
7,,1,2,jbryers6,5JGFOWQQzgn,dmoughtin6@naver.com,2020-12-24 18:04:03,0,703b9d5347fa4ac6b4a9976a0cadb3b9706398f9
8,,2,3,bmusto7,R0CTvyvvRI,dhawtin7@behance.net,2021-01-28 17:07:55,1,a1dbe0d7d0c7ad061bf5e17d80013f2d13913b1b
9,,2,3,mhakonsson8,dBIwh3,jchristophersen8@fc2.com,2021-01-02 03:00:28,0,811312f6c93314334063d79761ce5385ff85cc41
10,,4,2,adytham9,bXCU8Sxjfin,trhelton9@aboutads.info,2021-10-10 02:52:35,0,76ea580bba382edb247da39bdf82d2c50ae8254d
11,,2,4,llezemorea,8vKZcdaI,mhickina@exblog.jp,2021-08-27 07:03:10,1,8a1a140183826b36dde915b02ab847adf4a708e6
12,,4,3,nkirkbrideb,3CBy0reCOoXV,ehulkeb@addthis.com,2021-10-30 06:57:32,1,ec6fb013898f6229a7a38ad3903e5af36996a3aa
13,,2,2,sgrimwadc,Eg20sJOxbs,mcobelloc@amazonaws.com,2021-07-13 14:17:06,1,00eeb82ea0c7462d1bf06ee39efb531459c65cda
14,,2,3,lthreshd,JVDJIVthCo9f,ebarberad@adobe.com,2021-11-02 06:57:32,1,e7c8296655d58678fa4ce63ad468f07e44a5f5a1
15,,3,4,pholmese,wuJWBF,jwoodere@list-manage.com,2021-09-05 22:54:43,1,4129658a6a43efca3eb5b036603ead7783bc59ce
16,,2,3,areddyf,N58ME93g6BI,cshottonf@amazon.de,2021-03-10 11:52:46,0,a16227ef49f64c0316436734b10fbd95847930ff
17,,3,2,ipunchg,EZhi5f7VDaq,ebracknallg@technorati.com,2021-01-18 11:45:41,1,ba7715050c110dd26276f1d723cf39f5562af20e
18,,3,1,kcoulsenh,ZYco1Ys7S,zclaisseh@blog.com,2021-07-11 02:27:01,1,a94c18844d114936172f09a3969662656cbf87b0
19,,4,2,cjaimezi,o6ZZ0D,sbartkei@cnn.com,2021-01-07 12:07:26,1,75f5b2d1a38914bb59e405e6ca0eee8c205b4a94
20,,4,2,ifullej,CpcKLE,kallcottj@booking.com,2021-05-01 16:02:23,1,126d1df38b226e39027ce0f2b9b5182bfcb3af10
