Accounts,,,,,,,,,,,,,,,,,,,,,,,,,,,,,,
acc_id,acc_username,acc_pw,acc_email,acc_last_login,acc_premium,acc_payment_token,,,Allianzen,,,,,,Chatrooms,,,,,Forum,,,,,Foreneinttrag,,,,,
1,mwilne0,c7d149feca6314c0228355160c4721feecd32d88c04883bf7d920bc0ad0d77fe,mhasser0@prweb.com,2021-04-16 16:31:42,0,076d77d240263e0a31ffeccbd3b44add619455b049318016fbaa06e793aa1e69,,,id,name,beschreibung,date_of_creation,,,id,topic,date_of_creation,al_id(FK),,id,topic,dateofcreation,al_id(FK),,id,acc_id(FK),fo_id(FK),titel,inhalt,dateofcreation
2,wdownage1,6852a5bc088e9de1c199b332cb101b4abe47997648dfa3cd8ffc284cde0a803d,gfeeham1@artisteer.com,2021-06-13 20:45:03,0,ca6e1bcb7f81b4c12402eaad8d0af880a55f806590310631e8354692167aaba5,,,1,Destroyers of the universe,We like to pillage. Do you like to pillage? Come join us.,2021-10-01 17:12:11,,,1,General,2021-10-01 17:12:11,1,,1,,2021-10-01 17:12:12,,,1,,,,,
3,nkacheler2,00790fb9d062e44f05a15a03bd0f0d5f17d953577bd73505967da4edb71b42fd,tgaishson2@princeton.edu,2021-10-10 00:44:36,1,1d2fc30251c267930a71a793cf6433b9bec25c0734ae1f0aeae9100dc11a5689,,,2,Moneyclub 3000,Join for free gold,2021-01-25 03:13:05,,,2,General,2021-01-25 03:13:05,3,,2,,2021-01-25 03:13:06,,,2,,,,,
4,mbeamont3,27bb29008aeebf2b09882658b329af598b8715114d8fd54ab04caf0c48072508,bpowter3@sphinn.com,2021-07-12 22:52:05,1,d8bbe7fd49e56b77e8a7ead17e35ce026b35abfba7969e48bd74e1d0cb556e62,,,3,The one and only,"Die einzige Gilde, die diese Welt braucht",2020-12-24 00:32:22,,,3,General,2020-12-24 00:32:22,2,,3,,2020-12-24 00:32:23,,,3,,,,,
5,bnorthridge4,31c169d96c5020b58d7350abf9866242135c40316185ecd84b1421d1570f9dbd,swhellans4@fema.gov,2021-07-09 11:53:48,0,e2f051fb85997d2d9085c37bc50f70cc765af5abc94428b2bbde3ad27d074f00,,,4,Emo ist so 2008,"Alles ist doof, wenn du auch alles doof findest, werden wir Freunde.",2021-08-25 17:02:24,,,4,General,2021-08-25 17:02:24,4,,4,,2021-08-25 17:02:25,,,4,,,,,
6,sfransman5,60b0dc7be9b1f6f9ce024048f178b67ae893179d63ba71b2a1243d529c797768,yconfait5@chronoengine.com,2021-10-03 22:51:16,0,1b2b9d378a52e0a7a55b472b83487cb3b814c7447f94362584637e4cf41650ed,,,5,XKCD Fanclub,For all the fellow science nerds.,2021-02-28 03:36:42,,,5,General,2021-02-28 03:36:42,6,,5,,2021-02-28 03:36:43,,,5,,,,,
7,nocoskerry6,67f17401a8bbaf5c5b7750759abf80aa3fe419f2c08b52b0499d05eebc4a5a60,chuntington6@rambler.ru,2021-05-06 13:24:45,1,5bfd00cf504c658033dbf82ed2b215618223efbad93b7ac57771ec2385db0dea,,,6,Definitely not cops,Have you heard new ways of making money online lately? Come join us.,2021-10-17 21:55:08,,,6,Angriffsplanung,2021-10-17 21:55:08,1,,6,,2021-10-17 21:55:09,,,6,,,,,
8,dparker7,9e7d45b47e644a6a5057d5140a39a49229895308cbd0d5fb9f1a5f0a6b44429a,dgilks7@reuters.com,2021-04-04 23:47:55,0,15e142a739774798c2952053fff4c7d41d020443610e83762a85eb7c966ecdda,,,7,Allianzname,Hier koennte ihre Werbung stehen.,2021-11-19 23:08:25,,,7,Kaffeerunde,2021-11-19 23:08:25,1,,,,,,,7,,,,,
9,vgoford8,08e6a482dc434773473b54a32f5b95dc70c98324cadb370c7840736755e63a46,bjelf8@360.cn,2021-09-05 04:19:32,0,ca85b1bbaf07298011d3b335aada10abb1f9804e300c1b2fb573be8039efd6b0,,,8,Masters of fun,"Wir wollen einfach ein bisschen Spaß haben, ganz stressfrei. Klingt gut? Schließ dich uns an!",2021-08-10 13:01:35,,,8,Lebensberatung,2021-08-10 13:01:35,2,,,,,,,8,,,,,
10,cshatford9,38225d5344654f873795085751477092e847a09c50eee9b91d9502dcefc71a04,mmcgannon9@alibaba.com,2021-01-09 07:21:41,0,dcddd069af4978d7ec32f2a27bfb78a594382a5c7083473b63750f266fcb4498,,,,,,,,,,,,,,,,,,,,,,,,
11,emcilvoraya,a874e8871ef1674d8a2c55c67d080a3d1651fa7a0c61d8b11eb4305daef15ec1,nstotera@zdnet.com,2021-02-19 18:01:40,1,92c118b7c087e374745e48891f0ff1660a635bbf3185ecb5404483240a6980da,,,,,,,,,,,,,,,,,,,,,,,,
12,tgooddingb,342916db06f7b53921c2807ebbdc13e516580ed27fabcc74d21538fe86c218f0,hheaysmanb@devhub.com,2021-09-13 17:29:01,0,260b04edcdde6404fe55438cbd47dc8b35513b9dac5d87413b37be4820d3fa4c,,,,,,,,,,,,,,,,,,,,,,,,
13,wczaplec,c1bd6cc58d6391b1861685fef871f35b87e1310c5028c4756cf2cc72ec8b313a,hmillomc@surveymonkey.com,2021-10-25 23:17:26,0,6117949f1408cd00eb98f885b9ad985b17edbf52b12443f2f3b04f52dc44e51c,,,,,,,,,,,,,,,,,,,,,,,,
14,aboomd,71972673b1e717322e5e5072f584e7913637e7f01c917d9e02633b1d87389d0f,banettsd@ucla.edu,2021-04-08 16:32:22,1,6824f4c5341f084baa166b8702612137789d2be428761f72c67e140f4fa37995,,,,,,,,,,,,,,,,,,,,,,,,
15,dlowrese,a826acdd778f9227939993f17c89c67004675b90b1a971e0a10bde7789ba934e,gimorte@wp.com,2021-09-01 00:19:25,0,a8aabe18ac9292a8a21522d93c16ea3bdbf21a74d24819311c80a44214d73b91,,,,,,,,,,,,,,,,,,,,,,,,
16,lmynottf,63fc14149f817781870cbf8205c71a5aa86e8215740d62fc80f46832392a0336,pjouanetonf@hao123.com,2021-01-27 12:27:42,1,7a6e016dbfefc8fba1e47fb460d265d8afd742d7c9e6d2af1c3ea8cfe53a5741,,,,,,,,,,,,,,,,,,,,,,,,
17,npyrahg,8f57192bc196594240185bde2752603145b79321e1e9c6489bfbe81d5a0a97b6,slutzmanng@nature.com,2021-05-18 18:46:53,1,1f814ccd097dcbd8ba21261b93a940a279fb1768003944151472f294a5a7f1eb,,,,,,,,,,,,,,,,,,,,,,,,
18,hcanaanh,4236d83142b8d1a41bce29d6d5c1994f49f466a8a97526aa8575ff89d01464ac,sjicklesh@netscape.com,2021-11-25 11:08:56,1,cf1e7f84ce61c5e0dc4adc66f1309de506fd195fb4c7520baf827ed569d3fe4d,,,,,,,,,,,,,,,,,,,,,,,,
19,jsillimani,4b3e21e5361b31a44a25926f43d8be8d4e4401b12b4a590642c9195e7a7afb20,ohabberghami@1und1.de,2021-04-10 21:12:22,0,e113c34054dfa0af201ac98cb72428607f4e34d6d0bd129c2b47be6d3b45c8db,,,,,,,,,,,,,,,,,,,,,,,,
20,blaugierj,95e2a157f7694d810dff1c8ba07f2f973dc953d97f0c812c978d4eb6d18f8f29,swillemanj@jugem.jp,2021-01-21 00:22:52,0,dd9e8adcf00c001c87b16d564864aaa9a212f3e1ca3deb1b91649c0c62935bdc,,,,,,,,,,,,,,,,,,,,,,,,
21,hrominovk,f750c0129caa989e2d94398fad2ceb142816b7cd46e6cf0ece14ad3d9fdc9937,maronowitzk@desdev.cn,2021-04-25 18:30:48,1,d421b9e08a4e63be24cda6ec8712e8d7b1bd2a50cbf477774ce264fe103351e3,,,,,,,,,,,,,,,,,,,,,,,,
22,ogowngel,2e4914de134e69efd015aa5ba1e808dc90821a7699bb7cdd7894fdcf70b3afe4,solrenshawl@eepurl.com,2021-05-21 01:49:01,0,ddb3d56b91ca112534ebfb19aeccd4d04ce13ec784089ee6dfeb07c36a9c2ac4,,,,,,,,,,,,,,,,,,,,,,,,
23,spostiansm,613447669942f7d343a197595a219f5be3c1a5c1e6d1304f0ae7cf1a92b631bd,lfurbankm@ox.ac.uk,2021-10-26 00:58:45,0,5e00d0a1a71b6f905842aeb5736477d60dbf1a2404a5a04ce50d113c3da3ca63,,,,,,,,,,,,,,,,,,,,,,,,
24,fansteysn,be79fafe4d150e732a741dacd19cdc9c0736c1683a6538bf47ec9ebd1900e80d,jdemarcon@slashdot.org,2021-02-10 22:39:22,1,c741c177b5563c73df6e218af3eca14b930abc2a465c7ccf59f314fdbbf7f4f9,,,,,,,,,,,,,,,,,,,,,,,,
25,pbunkero,5bab59e03a434bdd0f8b878645e89dddff1284d9ff4f23a4c6e8069bcca36725,lbindino@moonfruit.com,2021-05-05 19:53:41,0,42ba9ab6816acc252d89569a1e3202957b636be69c6736826fe733281dda8d9c,,,,,,,,,,,,,,,,,,,,,,,,
26,skubistap,10173945dea163b022acc0394145ca0687cfc118bd70899bcc4bd17afa33def9,sbraikenridgep@wordpress.com,2021-06-17 03:05:58,1,635eecf316c2f09d87a15776392096e30afc91768bd6c7de851849abcf9e722e,,,,,,,,,,,,,,,,,,,,,,,,
27,scluderayq,ee030ca43769082566de48b156fa612cee0f5271af7c51c6f7b80ee81b764182,nlassellsq@ask.com,2020-12-06 19:09:26,0,06b8943dc92d40a2e55bff6caa9a44ae43ae473c7b0ab9ef7c045d6e8a0b2f4a,,,,,,,,,,,,,,,,,,,,,,,,
28,gwiddowsr,3bfb1a31c72e6d3f015a4953ee629cf77580bfe9c15b3ef75f6802425c7fa91a,byantsevr@accuweather.com,2021-08-15 16:26:34,1,be10bfe93ee6f655a79ae377fa26e1fe5ced460b873735e58979e536929414d1,,,,,,,,,,,,,,,,,,,,,,,,
29,swinpennys,a8f525a64b8db3a6fb6590facc7bd901721c0356d547df83350daa2f85766811,shouldins@soundcloud.com,2021-06-06 20:27:19,0,cd1c2e55fdc24f5302814b2f32dfaff78b626cfa33e55de133d994cb9774a509,,,,,,,,,,,,,,,,,,,,,,,,
30,dlitzmannt,fa8017d1d812e9cf01c07ee7d85ac795ede19002a429d444dc71234df0ec0bda,khazeleyt@senate.gov,2021-11-09 03:41:51,1,6dff502afeb47d4b9af287cdf05ccfaa68c6bdb2058030779a0cb15f1a8e0cf1,,,,,,,,,,,,,,,,,,,,,,,,
