acc_id,welt_id,koe_id,al_id,acc_username,acc_password,acc_email,acc_letzter_login,acc_premium,acc_payment_token
1,1,2,100,tnorridge0,jHTm8SIcdOV,elongstaffe0@vkontakte.ru,2021-07-08 16:34:26,0,9f71a834ab6b19e5f95958604dfa8eb2e0547f64
2,3,4,16,ppolle1,BRZJrQwntT,ofew1@wikispaces.com,2021-01-18 17:20:31,0,68db480f187a19bfc6c47c9c19082af9bade668e
3,3,4,73,rdearness2,QMkF9Sv2Zvy,abrellin2@google.com,2021-10-30 05:57:32,1,578f3c74394bfa343e7075f7f5f8b13eccb66142
4,2,3,66,zpridham3,IktWLXp,ffrisby3@oracle.com,2021-04-25 22:57:58,0,2de8e578c6a674b61faa3872b02621dfdf552a30
5,3,4,74,mstrange4,azju63,spenniell4@liveinternet.ru,2021-02-13 05:59:24,1,885a4c71754ee4eace35e963194400f2c17a0a91
6,2,1,11,bkeuntje5,vvb38Ss5,ddemogeot5@jalbum.net,2021-05-19 20:01:22,0,d447f2709ccf7af0956cfef42543004af35503cd
7,1,1,20,jbryers6,5JGFOWQQzgn,dmoughtin6@naver.com,2020-12-24 18:04:03,0,703b9d5347fa4ac6b4a9976a0cadb3b9706398f9
8,2,2,22,bmusto7,R0CTvyvvRI,dhawtin7@behance.net,2021-01-28 17:07:55,1,a1dbe0d7d0c7ad061bf5e17d80013f2d13913b1b
9,2,2,39,mhakonsson8,dBIwh3,jchristophersen8@fc2.com,2021-01-02 03:00:28,0,811312f6c93314334063d79761ce5385ff85cc41
10,3,4,13,adytham9,bXCU8Sxjfin,trhelton9@aboutads.info,2021-10-10 02:52:35,0,76ea580bba382edb247da39bdf82d2c50ae8254d
11,1,2,31,llezemorea,8vKZcdaI,mhickina@exblog.jp,2021-08-27 07:03:10,1,8a1a140183826b36dde915b02ab847adf4a708e6
12,1,4,28,nkirkbrideb,3CBy0reCOoXV,ehulkeb@addthis.com,2021-08-21 00:45:51,1,ec6fb013898f6229a7a38ad3903e5af36996a3aa
13,2,2,4,sgrimwadc,Eg20sJOxbs,mcobelloc@amazonaws.com,2021-07-13 14:17:06,1,00eeb82ea0c7462d1bf06ee39efb531459c65cda
14,1,2,73,lthreshd,JVDJIVthCo9f,ebarberad@adobe.com,2021-09-11 11:04:23,1,e7c8296655d58678fa4ce63ad468f07e44a5f5a1
15,3,3,83,pholmese,wuJWBF,jwoodere@list-manage.com,2021-09-05 22:54:43,1,4129658a6a43efca3eb5b036603ead7783bc59ce
16,3,2,80,areddyf,N58ME93g6BI,cshottonf@amazon.de,2021-03-10 11:52:46,0,a16227ef49f64c0316436734b10fbd95847930ff
17,3,3,38,ipunchg,EZhi5f7VDaq,ebracknallg@technorati.com,2021-01-18 11:45:41,1,ba7715050c110dd26276f1d723cf39f5562af20e
18,2,3,47,kcoulsenh,ZYco1Ys7S,zclaisseh@blog.com,2021-07-11 02:27:01,1,a94c18844d114936172f09a3969662656cbf87b0
19,1,4,29,cjaimezi,o6ZZ0D,sbartkei@cnn.com,2021-01-07 12:07:26,1,75f5b2d1a38914bb59e405e6ca0eee8c205b4a94
20,3,4,12,ifullej,CpcKLE,kallcottj@booking.com,2021-05-01 16:02:23,1,126d1df38b226e39027ce0f2b9b5182bfcb3af10
21,1,3,42,phenkensk,K6AkEiK,clushk@sourceforge.net,2021-05-12 12:46:03,1,424e366c76f41266104c5839f441c0623d2f67c6
22,3,4,10,oleggatl,HAzBTk,rogglebiel@timesonline.co.uk,2021-11-05 03:04:12,1,3cc30c0534f26fe88ce62271f1ef01bc6c67b31d
23,3,3,93,abradenm,BqjVTPm,tstokeym@loc.gov,2021-04-20 11:00:09,1,0d8023db6b2b473ece7596fdbbe92d87c41159ef
24,1,4,75,rhanhartn,Ya9ch9Zr,hquailn@amazon.co.uk,2021-07-27 05:07:33,0,0dd5d6eda1f9fd018dbeaaef99285a752daafc13
25,3,4,24,piacovideso,h7cVU8dJ0rpw,aguidoneo@cpanel.net,2020-12-07 05:01:47,1,8ad9db1cf457ad413847381798a78018b782f7c9
26,1,1,27,qchastelainp,bCYKoS5tTsj,spassp@hibu.com,2021-10-05 03:54:45,1,880009efa04e5acd9d8e5a83327ffbe759dae1b5
27,1,4,74,jdaggq,9SadcqjDn,chousonq@reverbnation.com,2020-12-20 03:16:22,0,84604cffd69ed98fa3d27b57e60fa945c52fc458
28,2,3,27,vgantr,wisY4yf60Uc,tpumphreyr@answers.com,2021-01-16 04:22:43,1,2753624ae12d5f3e38f4126fd0d55a2a21f41e67
29,1,2,28,avaars,LTnXy5c,larlotts@dell.com,2021-10-21 12:48:27,1,3989e79d69f11089a126e9c2d02c36429d63b056
30,1,1,18,lludlemt,yR9C4zK6ds,mwatfordt@zimbio.com,2021-09-26 04:37:22,1,f9f34227e94ef8821202b9b6d01feacda9e679e6
31,2,1,72,mandrieuxu,Ya7Y5wsvppz,imyderscoughu@mtv.com,2021-02-02 13:15:19,0,cb14e1c850016a4b5646fba4db6d903e3b08a17b
32,2,3,34,mstuttev,YOhz3ZPv,rjillisv@dion.ne.jp,2021-05-28 04:01:55,0,8ded676f15f9b2f3ba66c92271d5851af72bd5a8
33,1,1,9,dyushmanovw,22R3HLO,rbrasteadw@ibm.com,2021-08-01 03:48:05,0,7b01fac61f0be00f72db3290bad91aba6596e144
34,1,3,88,mclifftx,APOV8tuQDOr,kdoddsx@hexun.com,2021-09-11 18:15:40,1,b8772ad32fa0618c2bae6adb35953b4d68128f03
35,1,3,9,cbenoitony,cmgayXOOH,amcgeochy@mysql.com,2021-06-26 17:05:45,1,09d2aae7a4c829c88d7f9ff7166ebdfdbc8b0949
36,3,2,93,awildbloodz,6vwjoqdH,rdenverz@google.de,2021-06-17 14:55:42,0,2b53c700be376d03435df0cf636ce51abe632328
37,2,3,6,bnitti10,nPngv8RGGRa,dtoffaloni10@engadget.com,2021-07-08 06:00:05,0,cc9ec8fbe40a6171af92fd0eca09f407cf1960cd
38,1,2,35,jsahlstrom11,VonXPRnFAKE,kwhellans11@nationalgeographic.com,2021-05-02 08:56:42,1,c8665584b31d19ced009bcef9c1dc6a103707f25
39,2,4,7,atchaikovsky12,HCvtzqFZUa,epetrelli12@microsoft.com,2021-02-23 09:47:11,0,0390f3edae6307830f9b828ea52126b67d2ba1da
40,1,4,15,fcolpus13,3nqL2U,dcrennan13@flavors.me,2021-08-23 00:03:57,0,5bb954a57bf16b48dae062f2b0c32580a5adb851
41,2,2,99,senrique14,lLXfHi9Z,hdady14@illinois.edu,2021-07-23 04:26:12,0,1fd1e1066729a47c89235061020f3ef20c5e0685
42,2,3,18,sdanbi15,sbE1KimtdMN,sletixier15@newyorker.com,2021-08-09 05:00:05,1,b9ad0e2fd2624caf0a03d03cd33d5fcf9b96139c
43,2,3,28,vruspine16,fons65IX,kshitliffe16@amazon.de,2021-08-28 10:27:22,0,02b88e052c0df04778be243ff7d53e0cafe984dd
44,1,3,11,abranca17,nbUaLI3r9,apimblotte17@geocities.jp,2021-06-10 17:13:02,1,2457772466c5c8cfd45c45d5333c1db4bdc6e774
45,1,2,25,aklaesson18,Y5F5AXki,enend18@ucsd.edu,2020-12-09 18:46:14,1,479952becc23c4ce14be32f81571eda1c6b4c096
46,2,2,93,hkave19,EuAXFJ5QJ,eguwer19@tuttocitta.it,2021-04-10 22:52:12,0,a016168c28a1b63a9b385b55c433add95fc85bfb
47,1,2,32,gmacane1a,72DPTjEEn,pgilbard1a@paypal.com,2021-01-17 13:47:55,0,935aae547e8f94cd47dbfdf2f423164656ebb9d7
48,1,4,60,dcobbledick1b,MV9ZdK,zhaslam1b@who.int,2021-07-13 10:16:57,0,2a8de85db2676651029bfd0e7af40af4b4d0f8d2
49,2,3,50,ltidd1c,dBwlZX,cpinchen1c@booking.com,2021-11-20 00:34:31,0,f6169cd8b93dcb38732035a233da0a8567b31532
50,2,1,98,ckeyzor1d,gRMQLJkMN,bvigers1d@artisteer.com,2021-07-03 05:09:12,0,4478d45192cd5d34ecdda84d94004d3a0c6385e0
51,2,2,50,tkenrat1e,p8O7zgS0,ndall1e@linkedin.com,2021-01-29 12:32:27,1,94e3a743afb1e9829c8eae62aa3df6af32fcba7b
52,3,4,34,bramsbottom1f,rTqQsMJ,jstoppard1f@amazon.co.jp,2021-01-26 09:11:39,0,bd0962e499efb7fd9cbf0d8cbdaaf336de0b65eb
53,2,1,23,abettenson1g,efUqZJCGFQ,bilsley1g@cbsnews.com,2021-06-30 15:19:38,0,8a58426e418aa4687708217c7725fa54e3605f49
54,3,4,16,efoulcher1h,LYGTjfnUsukp,fmcgeneay1h@artisteer.com,2021-02-17 07:33:05,1,ccb65257cb40099ba8a14715073f7fa8ca58bae9
55,3,4,58,brolston1i,Q9NbOhfefpu,mboyce1i@msu.edu,2021-03-24 21:31:14,0,3d3bb808e82a214688ad9e6f6cba7e3c622153a8
56,2,4,48,lhue1j,eNmiir7JU3,leshmade1j@jiathis.com,2021-04-16 05:13:18,1,ba8dac509e916a8200dafc95987fa96500c93e42
57,3,4,42,bbrose1k,JEnh4P,eschofield1k@eepurl.com,2021-06-05 15:52:09,1,b12c19dac71fdfa8197c3576de43ea95a7a2e068
58,1,1,41,gkindleysides1l,rAysf016Gx7p,olorrain1l@samsung.com,2021-05-25 13:27:12,0,7f9fa4d9c7184a80e5815fb5ba84d4a165a1d911
59,2,2,28,pdome1m,p0Ajm4Io,cphilipsohn1m@ocn.ne.jp,2021-05-12 08:05:41,1,73b446ea0410f8c88391ed107785a9cc0031ba66
60,2,1,39,adelia1n,RyDyL6JIK,kdaye1n@canalblog.com,2020-12-25 17:34:57,1,bae4c5516f578e20cbb52344d66e577cd6d9bfd7
61,3,4,85,jary1o,q8Pscw8Bs,sscroggie1o@meetup.com,2021-08-25 01:17:04,1,56e447a27ded23de09e6cba7989ec9b6f18ac189
62,3,4,18,aculligan1p,49QfYb7t,leskriett1p@a8.net,2021-02-04 13:44:21,1,d6c6c7152afa0be2e490b116a17323f2356d74b8
63,1,1,31,emccuaig1q,8CqhBJ,cbiesterfeld1q@fastcompany.com,2021-09-18 03:01:43,0,5958a94a32af959a62c9c996613400ff043edc9d
64,2,1,67,nshearsby1r,sNq7hyPtZ,ebettaney1r@cbsnews.com,2020-12-14 04:07:58,1,9a4b7b44a926bd5d1d7f12f29c06e2ffc9442ef0
65,3,1,12,aewence1s,cUHvPN,apeppard1s@utexas.edu,2021-08-27 21:51:29,1,4be1aae28122290c4795e9bd067169b154eea74e
66,2,3,31,hthonason1t,grzbjtsJbDDG,ebainbridge1t@bbb.org,2021-05-28 18:33:33,1,83cd585bbc52b1b3c1014bc179fb3c324fab83d8
67,1,3,60,gpirazzi1u,MoFJcB8qPDDx,fbrislane1u@cnet.com,2021-03-12 17:15:17,0,e6da528286e07272050c1c6af631287b0425ad5e
68,1,4,84,branvoise1v,lPo5FAD,fweerdenburg1v@tiny.cc,2021-09-09 06:21:10,1,42ce80c06091723d1142bcfc3a1b3118275edc75
69,1,2,6,eroscrigg1w,KRanenP,sdishman1w@jalbum.net,2021-08-19 04:43:16,1,53513c0f8dd1f44fe708204b3d0c4337e1c7fcb0
70,1,4,25,btolfrey1x,2EP91Kd,bbruff1x@goodreads.com,2021-06-27 19:26:10,0,703f37be5da83facfcc8b0158c3cc69455241841
71,3,1,93,cmeasom1y,bv49m2t,rgratton1y@theglobeandmail.com,2021-10-06 09:50:44,0,7eb6636d8a19be9a7d2e589ebdaa1ee5492fc4d0
72,2,4,73,omuat1z,zzNkuA,gcursons1z@hubpages.com,2021-02-13 01:09:40,0,fba353e8a15dafa80273d2ddec6562b1ff3ae35d
73,1,3,70,lfaint20,PKepv0BExHry,adade20@goo.gl,2021-03-20 11:35:57,1,fd5472d346ec6812e7d43273e0e432320ebd8d22
74,3,4,22,sfilipic21,cu9OYqj,ksavile21@hexun.com,2021-03-10 16:35:33,0,b2b00125d282e2dcd6c3081dcc99e749f3a2c027
75,3,3,95,sdelve22,u4erjfY9neu,chaggarth22@un.org,2021-06-29 15:27:23,0,339229d12a80f6f6a1440bb52d6e3611bfea537a
76,3,3,15,cbernardi23,uLWDmLtxEI,ssmethurst23@barnesandnoble.com,2021-03-12 05:07:20,1,d96d7a8fa8f0bbeb93a4fc17aeba397d305eee33
77,3,4,84,sland24,pu2coCyZGXM,mdunkerton24@chron.com,2021-08-23 05:40:00,0,9cd9781ffc65eff83a4e20de16e6e37432abd79b
78,3,2,53,nedensor25,q9aB4mULzw,ablasli25@irs.gov,2021-09-01 15:00:17,1,4ea68b073ba37c09fed8c5a70ff0fd1c6899c88d
79,1,4,15,gklousner26,BTKjl9s5,wleathley26@hubpages.com,2021-10-18 14:09:32,1,de3207a94f07de24153c3c5513f264747a18962c
80,2,1,32,mcarcas27,XRxgE5adwC,imatfield27@prweb.com,2021-04-23 15:27:24,1,13e68129b47ddcbac73c590ff6f5905ef1765aca
81,3,2,41,zhammatt28,BvSC0acBA81Q,cbrand28@dion.ne.jp,2021-01-08 15:56:57,1,41605d901cc795492cb032806c4a7d6f819aee33
82,3,2,69,asharpley29,Kt70s472m,fsammars29@cafepress.com,2021-05-23 23:12:31,0,e50cb00cdc4844e6f7e6d733aad6394f2e459b5a
83,1,1,39,hfairley2a,5nmlVR8r1vA,bseaman2a@oaic.gov.au,2021-12-01 04:10:14,1,50632c2e9e293cca24419c7747b3543bd73427f4
84,2,2,16,rhammonds2b,M6GktRHfoQ,eorr2b@friendfeed.com,2021-11-16 18:26:14,1,898055d472d591c8f28b01bceb7469379a62ea76
85,1,1,10,sblazewicz2c,phfxhFxh,cledeker2c@spiegel.de,2020-12-15 11:13:23,1,32bf9d63f7e698aa8e897b254f35564bece930c1
86,1,3,42,btoffolo2d,ofWkqqChUVO,ihuebner2d@dot.gov,2021-10-19 17:50:08,1,2a470c9a3c14ddc31e9f0d579315d834ee9576ab
87,1,2,52,dlinning2e,QSne9GOnPk,pstoffers2e@cisco.com,2021-03-18 05:18:26,1,5c1349fbf83ca182a1db1e96405321219cb55f03
88,3,1,71,rcalles2f,uYWD0DJQ4M,nmacskeagan2f@imgur.com,2021-10-17 13:37:07,0,2511730fc136f4f1b0efe6ef7f038b563083cc65
89,3,3,67,btrevaskiss2g,uACkA5ZY,alettson2g@mysql.com,2021-09-17 06:42:29,1,ca87293b35b57763f19d71624edd7a5f470ea7bf
90,2,1,21,mcollins2h,i9CMLH0,apetherick2h@illinois.edu,2021-07-13 22:26:24,0,b983d2aeb10dd78d782e90b0dc2634d5ac6d2129
91,2,3,62,amccomish2i,LWD32iUQG8,rtheobalds2i@soup.io,2021-05-11 01:55:09,0,49a08b63f916c5e102f99d3432b2f771fbcd5454
92,2,4,63,deliez2j,zWiBoD,nknowler2j@w3.org,2021-08-28 03:33:36,1,066ca4f864bf441ecc1fe899677d8bc567f41541
93,3,1,80,ekleinstein2k,2T7l436NxAwx,adaws2k@theguardian.com,2021-07-31 01:54:25,0,536b939defaeef6ab5554c79f4a2a42c1f80c9d7
94,3,1,28,sdalgarnowch2l,JAyOv6uAxD,ccarcass2l@redcross.org,2021-03-16 14:40:36,0,5ac68ba63bdaff6550f7051f675d7efb4596b4d1
95,1,1,20,skeveren2m,hpxbemm,ptrillo2m@t.co,2021-07-05 23:50:10,1,afce2d7825c366b41be1a737c382432b8bcdf5ec
96,3,1,52,irobertet2n,SZwD25KoK,cbover2n@cyberchimps.com,2021-09-10 00:04:02,1,30d0c7630baccf33b539de06c791086b73471ef8
97,3,3,6,ltousey2o,gmjtHHCC3dE2,thuband2o@indiatimes.com,2021-06-07 06:29:11,1,033ad5e9ae9633d8b052c6e2da8470db270650e1
98,1,4,90,mguidotti2p,jMaopzPBES,bbraim2p@discovery.com,2021-11-03 14:32:24,0,488c3a484ed5f0b671b5ce3a24f00f93a098dee3
99,3,1,92,vcody2q,jCUK1NbxSn,bwhittington2q@engadget.com,2021-05-04 22:47:00,0,253a377abc9bb2f7bf2cddf6b1d2cb24ae905ec8
100,2,4,84,fraraty2r,ldiAGWNbC,efabb2r@deviantart.com,2021-08-24 22:33:02,0,2ad1af3ede57909c2d1161737c4ea04558fe24a3
